Metric,Score
F1 Score (Test),0.7390062821245003
F1 Score (Reference),0.9369132803781265
